{
    "Objects": [
        {
            "name": "SurvivorM_Hassan",
            "pos": [
                8171.02001953125,
                475.5140075683594,
                9144.0498046875
            ],
            "ypr": [
                -113.2766342163086,
                -0.0,
                -0.0
            ]
        }
    ]
}